locus_name,tier,known_locus,index_variant,rsID,chr,position,ref,alt,effect_allele,other_allele,EAF,OR,risk_allele,gws_noproxy,gws_nobiobank,origin,confidence_tier,P_main,P_noproxy,P_nobiobank,Pjoint_main,Pjoint_noproxy,Pjoint_nobiobank,gene,gene_position,variant_category,REVEL,I2,Het_P
AGRN,Tier1,YES,chr1:1080437:G:A,rs12746483,1,1080437,G,A,G,A,0.2875,0.96,A,NA,NA,Proxy,C_main_only,1.371e-08,7.085e-07,5.656e-05,1.37211e-08,,,RNF223,outside_gene,NA,NA,0,0.5849
EIF4G3,Tier1,NO,chr1:21023511:C:T,rs12048591,1,21023511,C,T,T,C,0.4338,1.04,T,NA,NA,Proxy,C_main_only,1.193e-08,5.822e-08,1.063e-06,2.881e-08,,,EIF4G3,in_gene,intron_variant,NA,12.5,0.2283
SORT1,Tier1,YES,chr1:109345810:T:C,rs141749679,1,109345810,T,C,C,T,0.00729999999999997,1.29,C,NA,NA,Proxy,C_main_only,6.299e-08,1.574e-07,3.328e-05,6.30278e-08,,,SORT1,in_gene,missense_variant,0.157,0,0.5214
ADAMTS4,Tier1,YES,chr1:161189357:C:T,rs4233366,1,161189357,C,T,T,C,0.2605,0.96,C,YES,NA,Proxy,B_noproxy_robust,2.105e-10,5.077e-09,1.917e-07,2.10611e-10,5.0798e-09,,ADAMTS4,in_gene,3_prime_UTR_variant,NA,13.8,0.2043
PTPRC,Tier1,NO,chr1:198710886:G:A,rs12733073,1,198710886,G,A,A,G,0.0111,1.25,A,YES,NA,Proxy,B_noproxy_robust,2.935e-11,1.603e-11,1.999e-07,3.49301e-11,1.88935e-11,,PTPRC,in_gene,intron_variant,NA,0,0.9049
CR1,Tier1,YES,chr1:207577223:T:C,rs679515,1,207577223,T,C,T,C,0.1913,1.13,T,YES,YES,Clinical AD,A_clinical_robust,6.569e-56,3.589e-50,2.466e-38,8.00544e-56,4.30277e-50,2.69686e-38,CR1,in_gene,intron_variant,NA,0,0.5248
ADAM17,Tier1,YES,chr2:9558882:A:G,rs72777026,2,9558882,A,G,G,A,0.1371,1.05,G,NA,NA,Proxy,C_main_only,1.539e-08,5.36e-06,0.0002637,1.54011e-08,,,ADAM17,outside_gene,NA,NA,8.6,0.2998
PRKD3,Tier1,YES,chr2:37263224:T:G,rs17020386,2,37263224,T,G,G,T,0.1444,1.05,G,YES,NA,Proxy,B_noproxy_robust,1.862e-09,3.654e-08,6.115e-07,1.86283e-09,,,PRKD3,in_gene,intron_variant,NA,0,0.716
NCK2,Tier1,YES,chr2:105749599:T:C,rs143080277,2,105749599,T,C,C,T,0.00539999999999996,1.49,C,YES,YES,Clinical AD,A_clinical_robust,2.639e-15,4.554e-10,1.028e-09,6.9295e-16,7.48442e-11,9.2746e-11,NCK2,in_gene,intron_variant,NA,0,0.6656
BIN1,Tier1,YES,chr2:127135234:C:T,rs6733839,2,127135234,C,T,T,C,0.3891,1.17,T,YES,YES,Clinical AD,A_clinical_robust,1.8e-139,3.35e-124,4.95e-99,1.27123e-145,4.41342e-130,2.28489e-103,BIN1,outside_gene,NA,NA,25,0.05608
MGAT5,Tier1,NO,chr2:134315905:C:G,rs7557129,2,134315905,C,G,G,C,0.2613,1.05,G,YES,NA,Proxy,B_noproxy_robust,2.601e-10,6.67e-10,3.207e-07,1.61163e-10,4.58421e-10,,MGAT5,in_gene,intron_variant,NA,18.6,0.1269
WDR12/ICA1L/CYP20A1,Tier1,YES,chr2:203256422:C:G,rs115600411,2,203256422,C,G,G,C,0.129,0.95,C,NA,NA,Proxy,C_main_only,1.734e-09,1.626e-06,9.354e-05,1.7355e-09,,,CYP20A1,in_gene,intron_variant,NA,0,0.7458
INPP5D,Tier1,YES,chr2:233117202:G:C,rs10933431,2,233117202,G,C,G,C,0.2319,0.93,C,YES,YES,Clinical AD,A_clinical_robust,1.51e-19,2.308e-16,1.843e-16,3.29566e-13,1.27713e-13,9.97991e-14,INPP5D,in_gene,intron_variant,NA,0,0.7253
PPP2R3A,Tier1,NO,chr3:136136800:G:T,rs79966407,3,136136800,G,T,T,G,0.0593,0.92,G,NA,NA,Proxy,C_main_only,4.227e-09,0.0004164,0.00206,4.22925e-09,,,PPP2R3A,in_gene,intron_variant,NA,29.7,0.02546
MME,Tier1,YES,chr3:155084189:A:G,rs61762319,3,155084189,A,G,G,A,0.0253,1.15,G,YES,YES,Clinical AD,A_clinical_robust,3.997e-12,3.805e-12,9.871e-12,1.22522e-11,1.20605e-11,2.6285e-11,MME,in_gene,missense_variant,0.332,0,0.8342
IDUA/DGKQ,Tier1,YES,chr4:993555:G:T,rs3822030,4,993555,G,T,G,T,0.4178,0.95,T,YES,YES,Clinical AD,A_clinical_robust,1.511e-14,2.629e-13,9.633e-12,1.23215e-17,4.91274e-16,9.6998e-12,IDUA,in_gene,intron_variant,NA,0,0.7185
CLNK,Tier1,YES,chr4:11022058:A:G,rs10939105,4,11022058,A,G,A,G,0.2693,1.06,A,YES,YES,Clinical AD,A_clinical_robust,1.913e-18,1.707e-11,3.564e-09,1.91764e-18,,,CLNK,outside_gene,NA,NA,0,0.5732
RHOH,Tier1,YES,chr4:40197226:G:C,rs2245466,4,40197226,G,C,G,C,0.3349,1.05,G,YES,NA,Proxy,B_noproxy_robust,5.352e-13,4.425e-13,1.211e-07,3.84087e-14,4.00712e-14,,RHOH,in_gene,5_prime_UTR_variant/intron_variant,NA,17.9,0.1383
ADGRL3,Tier1,NO,chr4:59984152:A:G,rs376291994,4,59984152,A,G,G,A,0.00349999999999995,1.52,G,NA,NA,Proxy,C_main_only,5.721e-09,8.592e-05,2.457e-06,5.72627e-09,,,ADGRL3,outside_gene,NA,NA,0,0.8626
ANKH/OTULIN,Tier1,YES,chr5:14664712:G:A,rs250435,5,14664712,G,A,G,A,0.0776,1.08,G,YES,YES,Clinical AD,A_clinical_robust,5.75e-11,6.387e-11,7.164e-09,5.75501e-11,,,OTULIN,outside_gene,NA,NA,0.4,0.4645
COX7C,Tier1,YES,chr5:86927378:T:C,rs62374257,5,86927378,T,C,C,T,0.2341,1.06,C,YES,YES,Clinical AD,A_clinical_robust,4.93e-13,7.596e-13,1.245e-13,4.93687e-13,7.60583e-13,1.25642e-13,COX7C,outside_gene,NA,NA,22.5,0.08083
HBEGF,Tier1,YES,chr5:140327854:T:G,rs11168036,5,140327854,T,G,G,T,0.4977,0.97,T,NA,NA,Proxy,C_main_only,4.124e-08,3.566e-06,9.231e-07,4.12554e-08,,,HBEGF,outside_gene,NA,NA,12.3,0.2292
TNIP1,Tier1,YES,chr5:151052827:C:T,rs871269,5,151052827,C,T,T,C,0.3239,0.96,C,YES,NA,Proxy,B_noproxy_robust,6.488e-09,3.534e-08,6.383e-05,6.4912e-09,9.47271e-08,,TNIP1,in_gene,intron_variant,NA,0,0.484
FAM193B,Tier1,NO,chr5:177560723:G:A,rs335480,5,177560723,G,A,A,G,0.0461,1.1,A,YES,NA,Proxy,B_noproxy_robust,1.573e-09,3.147e-09,9.289e-08,1.68446e-09,,,FAM193B,outside_gene,NA,NA,0,0.5771
RASGEF1C,Tier1,YES,chr5:180201150:G:A,rs113706587,5,180201150,G,A,A,G,0.1083,1.09,A,YES,YES,Clinical AD,A_clinical_robust,1.822e-18,9.249e-18,4.801e-14,1.464e-17,6.2003e-17,,RASGEF1C,in_gene,intron_variant,NA,6.5,0.341
HLA,Tier1,YES,chr6:32592593:G:T,rs35472547,6,32592593,G,T,T,G,0.1694,0.91,G,YES,YES,Clinical AD,A_clinical_robust,2.606e-23,3.982e-18,4.162e-13,4.0545e-21,,,HLA-DRB1,outside_gene,NA,NA,0,0.4745
TREM2,Tier1,YES,chr6:41161514:C:T,rs75932628,6,41161514,C,T,T,C,0.004,2.24,T,YES,YES,Clinical AD,A_clinical_robust,2.211e-32,7.147e-33,4.104e-24,1.96904e-24,,1.09328e-18,TREM2,in_gene,missense_variant,0.335,4.4,0.4028
CD2AP,Tier1,YES,chr6:47464901:C:T,rs9381563,6,47464901,C,T,C,T,0.3522,1.06,C,YES,YES,Clinical AD,A_clinical_robust,7.144e-22,4.602e-20,2.164e-15,5.44238e-21,,,CD2AP,outside_gene,NA,NA,0,0.7314
HS3ST5,Tier1,YES,chr6:114291731:T:C,rs785129,6,114291731,T,C,T,C,0.3528,1.04,T,NA,NA,Proxy,C_main_only,1.302e-09,5.369e-07,9.284e-06,1.30256e-09,,,HS3ST5,in_gene,intron_variant,NA,22.2,0.08289
TMEM184A,Tier1,NO,chr7:1552361:G:C,rs4257937,7,1552361,G,C,G,C,0.3984,0.96,C,YES,NA,Proxy,B_noproxy_robust,1.029e-08,4.157e-09,1.841e-06,8.58732e-09,3.23396e-09,,TMEM184A,in_gene,intron_variant,NA,0,0.9694
ICA1/UMAD1,Tier1,YES,chr7:7817263:T:C,rs6943429,7,7817263,T,C,T,C,0.4094,1.04,T,YES,YES,Clinical AD,A_clinical_robust,1.375e-11,2.435e-12,1.301e-12,2.06339e-11,2.27711e-12,1.33747e-12,UMAD1,in_gene,intron_variant,NA,1.4,0.4456
TMEM106B,Tier1,YES,chr7:12229185:G:C,rs5011439,7,12229185,G,C,C,G,0.3964,0.95,G,YES,NA,Proxy,B_noproxy_robust,1.422e-13,2.844e-13,3.253e-06,9.75012e-14,,,TMEM106B,in_gene,intron_variant,NA,21.5,0.0922
JAZF1,Tier1,YES,chr7:28135367:T:C,rs67250450,7,28135367,T,C,C,T,0.2043,0.95,T,YES,NA,Proxy,B_noproxy_robust,8.943e-11,1.648e-10,9.849e-07,1.00049e-10,1.67992e-10,,JAZF1,in_gene,intron_variant,NA,0,0.9672
NME8,Tier1,YES,chr7:37843030:G:A,rs59415886,7,37843030,G,A,G,A,0.3508,0.96,A,YES,YES,Clinical AD,A_clinical_robust,4.517e-11,2.766e-13,1.035e-10,2.82212e-12,2.82112e-13,,NME8,outside_gene,NA,NA,27.4,0.03797
ZCWPW1/NYAP1,Tier1,YES,chr7:100334426:C:T,rs7384878,7,100334426,C,T,C,T,0.3095,0.92,T,YES,YES,Clinical AD,A_clinical_robust,4.646e-32,5.856e-24,1.414e-17,3.64702e-25,,,PILRB,outside_gene,NA,NA,0,0.6932
DOCK4,Tier1,NO,chr7:111940111:T:C,rs144867634,7,111940111,T,C,C,T,0.0234,0.88,T,YES,NA,Proxy,B_noproxy_robust,6.266e-09,2.562e-09,2.586e-05,6.26983e-09,9.29335e-10,,DOCK4,in_gene,missense_variant&splice_region_variant,0.125,0,0.6434
EPHA1,Tier1,YES,chr7:143414203:T:C,rs11769559,7,143414203,T,C,C,T,0.4132,0.94,T,YES,YES,Clinical AD,A_clinical_robust,1.398e-22,6.664e-18,3.944e-19,1.40411e-22,4.65313e-18,1.07147e-09,EPHA1,outside_gene,NA,NA,5.6,0.3605
CTSB,Tier1,YES,chr8:11844613:G:C,rs1065712,8,11844613,G,C,C,G,0.0668,1.09,C,YES,NA,Proxy,B_noproxy_robust,1.867e-10,2.588e-10,1.521e-07,1.4571e-09,2.59022e-10,,CTSB,in_gene,3_prime_UTR_variant/intron_variant,NA,0,0.8542
CLU/PTK2B,Tier1,YES,chr8:27608640:T:C,rs1532276,8,27608640,T,C,T,C,0.3951,0.91,C,YES,YES,Clinical AD,A_clinical_robust,1.387e-47,1.191e-43,2.329e-34,9.6001e-50,1.5647e-43,,CLU,in_gene,intron_variant,NA,17.3,0.1455
SHARPIN,Tier1,YES,chr8:144103704:G:A,rs34173062,8,144103704,G,A,A,G,0.0781,1.13,A,YES,YES,Clinical AD,A_clinical_robust,3.31e-22,9.276e-19,4.967e-14,8.95351e-27,3.9116e-20,5.82613e-15,SHARPIN,in_gene,missense_variant,0.156,21.8,0.08852
ABCA1,Tier1,YES,chr9:104903697:C:G,rs1800978,9,104903697,C,G,G,C,0.1267,1.05,G,NA,YES,Clinical AD,A_clinical_robust,3.537e-08,5.492e-08,1.595e-08,3.53887e-08,,1.60015e-08,ABCA1,in_gene,intron_variant/5_prime_UTR_variant,NA,12.1,0.2322
ECHDC3/USP6NL,Tier1,YES,chr10:11676714:A:G,rs7912495,10,11676714,A,G,G,A,0.4698,1.07,G,YES,YES,Clinical AD,A_clinical_robust,1.72e-24,6.376e-23,7.106e-15,2.81691e-20,1.66979e-18,7.18813e-15,USP6NL,outside_gene,NA,NA,0,0.9516
IPMK,Tier1,NO,chr10:58253643:C:T,rs2790214,10,58253643,C,T,T,C,0.2109,0.95,C,YES,NA,Proxy,B_noproxy_robust,1.143e-09,3.927e-08,1.929e-07,6.86612e-10,3.00543e-08,,IPMK,in_gene,intron_variant,NA,0,0.7148
ANK3,Tier1,YES,chr10:59979383:A:G,rs10761425,10,59979383,A,G,A,G,0.4123,0.95,G,YES,NA,Proxy,B_noproxy_robust,2.835e-14,4.888e-13,4.004e-07,1.71167e-14,,,CCDC6,outside_gene,NA,NA,0,0.6408
TSPAN14,Tier1,YES,chr10:80509705:T:C,rs7080009,10,80509705,T,C,T,C,0.1997,0.94,C,YES,YES,Clinical AD,A_clinical_robust,3.942e-14,6.998e-12,1.087e-12,3.9483e-14,7.00459e-12,1.09564e-12,TSPAN14,in_gene,intron_variant,NA,17.2,0.1468
BLNK,Tier1,YES,chr10:96281988:G:C,rs532674136,10,96281988,G,C,C,G,0.0383,0.9,G,YES,YES,Clinical AD,A_clinical_robust,1.591e-10,2.047e-09,3.328e-08,6.60009e-11,,1.6275e-08,BLNK,outside_gene,NA,NA,0,0.7636
PLEKHA1,Tier1,YES,chr10:122435969:A:G,rs7072204,10,122435969,A,G,G,A,0.4905,0.96,A,NA,NA,Proxy,C_main_only,2.321e-09,2.631e-07,5.072e-05,2.32216e-09,,,ARMS2,outside_gene,NA,NA,0,0.7467
CELF1/SPI1,Tier1,YES,chr11:47358789:G:T,rs3740688,11,47358789,G,T,G,T,0.4566,0.95,T,YES,YES,Clinical AD,A_clinical_robust,1.864e-15,2.277e-16,9.141e-13,1.86754e-15,3.71373e-14,9.21549e-13,SPI1,in_gene,intron_variant/missense_variant,0.076,9,0.2923
MS4A,Tier1,YES,chr11:60173126:T:A,rs7232,11,60173126,T,A,A,T,0.3632,0.91,T,YES,YES,Clinical AD,A_clinical_robust,1.033e-52,1.886e-54,6.414e-32,1.7416e-56,1.93373e-54,6.81272e-32,MS4A6A,in_gene,missense_variant,0.059/0.006,25.5,0.05179
PICALM,Tier1,YES,chr11:86156833:A:G,rs10792832,11,86156833,A,G,A,G,0.3593,0.9,G,YES,YES,Clinical AD,A_clinical_robust,2.224e-61,2.064e-53,5.672e-45,4.11668e-20,7.93148e-18,6.40173e-45,EED,outside_gene,NA,NA,9.4,0.2833
SORL1,Tier1,YES,chr11:121564878:T:C,rs11218343,11,121564878,T,C,C,T,0.0365,0.85,T,YES,YES,Clinical AD,A_clinical_robust,1.315e-22,9.954e-18,2.628e-17,5.97944e-29,8.07424e-23,1.60825e-21,SORL1,in_gene,intron_variant,NA,0,0.603
TPCN1/RITA1/IQCD,Tier1,YES,chr12:113205627:T:C,rs7312205,12,113205627,T,C,C,T,0.0917,1.08,C,YES,NA,Proxy,B_noproxy_robust,2.244e-10,5.835e-10,7.728e-07,2.24615e-10,5.06762e-10,,IQCD,in_gene,intron_variant,NA,0,0.62
FERMT2,Tier1,YES,chr14:52924962:A:G,rs17125924,14,52924962,A,G,G,A,0.093,1.09,G,YES,YES,Clinical AD,A_clinical_robust,8.614e-16,1.657e-15,1.689e-08,8.63046e-16,,1.69483e-08,FERMT2,in_gene,intron_variant,NA,0,0.5457
SLC24A4/RIN3,Tier1,YES,chr14:92472511:G:A,rs12590654,14,92472511,G,A,A,G,0.3243,0.93,G,YES,YES,Clinical AD,A_clinical_robust,5.863e-25,2.661e-24,4.392e-18,7.26751e-24,5.18122e-24,5.72388e-18,SLC24A4,in_gene,intron_variant,NA,0,0.7728
IGH gene cluster,Tier1,YES,chr14:105733666:C:A,rs74093831,14,105733666,C,A,A,C,0.274,1.06,A,YES,YES,Clinical AD,A_clinical_robust,6.641e-13,1.156e-10,4.696e-10,2.63207e-13,,1.97758e-06,TMEM121,outside_gene,NA,NA,0,0.9243
ATP8B4,Tier1,YES,chr15:49903911:C:T,rs183428733,15,49903911,C,T,T,C,0.0115,1.26,T,YES,YES,Clinical AD,A_clinical_robust,5.215e-12,2.069e-11,2.264e-08,5.64033e-12,,,ATP8B4,in_gene,intron_variant,NA,0,0.4955
ADAM10,Tier1,YES,chr15:58730416:T:C,rs442495,15,58730416,T,C,C,T,0.337,0.94,T,YES,YES,Clinical AD,A_clinical_robust,3.087e-21,7.437e-18,6.886e-12,1.34691e-15,,,ADAM10,in_gene,intron_variant,NA,0,0.6978
APH1B,Tier1,YES,chr15:63277703:C:T,rs117618017,15,63277703,C,T,T,C,0.1379,1.1,T,YES,YES,Clinical AD,A_clinical_robust,2.432e-25,2.078e-24,7.181e-20,1.28741e-23,9.34828e-23,1.60169e-18,APH1B,in_gene,missense_variant,0.049,0,0.5021
SNX1/CIAO2A,Tier1,YES,chr15:64078384:C:T,rs367059,15,64078384,C,T,T,C,0.2045,1.07,T,YES,YES,Clinical AD,A_clinical_robust,2.179e-17,9.214e-17,1.921e-10,7.72411e-15,4.35082e-14,,CIAO2A,in_gene,intron_variant,NA,0,0.6439
CTSH,Tier1,YES,chr15:78944951:C:T,rs2289702,15,78944951,C,T,T,C,0.1043,0.94,C,YES,NA,Proxy,B_noproxy_robust,4.003e-09,5.922e-09,3.293e-06,4.00511e-09,5.92458e-09,,CTSH,in_gene,missense_variant/intron_variant/5_prime_UTR_variant,0.23,0,0.9811
IQCK,Tier1,YES,chr16:19804089:G:A,rs9926151,16,19804089,G,A,A,G,0.1668,0.95,G,YES,YES,Clinical AD,A_clinical_robust,2.549e-09,1.812e-12,4.831e-12,2.32319e-09,,3.88348e-12,IQCK,in_gene,intron_variant,NA,5,0.3715
UBFD1,Tier1,NO,chr16:23562384:CAG:C,rs35228710,16,23562384,CAG,C,C,CAG,0.1548,0.95,CAG,YES,YES,Clinical AD,A_clinical_robust,7.072e-09,8.362e-09,4.266e-08,9.70303e-09,8.94321e-09,,UBFD1,in_gene,intron_variant,NA,9.2,0.2896
DOC2A,Tier1,YES,chr16:30010081:C:T,rs1140239,16,30010081,C,T,T,C,0.3837,0.96,C,YES,YES,Clinical AD,A_clinical_robust,3.579e-12,5.476e-11,2.21e-10,1.37307e-09,,,DOC2A,in_gene,missense_variant,0.05,8.6,0.3002
IL34/MTSS2,Tier1,YES,chr16:70662369:T:C,rs11538963,16,70662369,T,C,C,T,0.094,1.08,C,YES,YES,Clinical AD,A_clinical_robust,1.568e-12,2.037e-13,3.409e-10,2.36429e-12,3.18753e-13,3.42651e-10,MTSS2,in_gene,3_prime_UTR_variant,NA,5.2,0.3683
MAF,Tier1,YES,chr16:79574511:T:C,rs450674,16,79574511,T,C,C,T,0.3741,0.96,T,YES,NA,Proxy,B_noproxy_robust,2.374e-11,1.476e-12,6.827e-08,4.41673e-11,3.92147e-12,,MAF,outside_gene,NA,NA,0,0.527
PLCG2,Tier1,YES,chr16:81908423:C:G,rs72824905,16,81908423,C,G,G,C,0.00960000000000005,0.73,C,YES,YES,Clinical AD,A_clinical_robust,6.669e-17,1.449e-14,1.321e-09,4.4214e-18,6.93606e-16,3.32977e-10,PLCG2,in_gene,missense_variant,0.085,0,0.9952
PRDM7,Tier1,YES,chr16:90103687:G:A,rs56407236,16,90103687,G,A,A,G,0.0676,1.11,A,YES,YES,Clinical AD,A_clinical_robust,1.938e-14,1.568e-14,1.186e-10,3.26214e-15,1.59347e-14,8.88117e-11,PRDM7,outside_gene,NA,NA,0,0.6683
WDR81/SERPINF2,Tier1,YES,chr17:1749797:G:A,rs3976,17,1749797,G,A,A,G,0.2255,1.05,A,YES,NA,Proxy,B_noproxy_robust,6.328e-11,1.615e-10,1.658e-06,5.01605e-11,1.56844e-10,,SERPINF2,in_gene,intron_variant,NA,0,0.7503
SCIMP/RABEP1,Tier1,YES,chr17:5236512:G:A,rs57402520,17,5236512,G,A,A,G,0.1297,1.07,A,YES,YES,Clinical AD,A_clinical_robust,4.568e-13,1.253e-08,3.935e-10,4.63351e-15,1.09637e-08,,SCIMP,outside_gene,NA,NA,0,0.5195
MYO15A/TOM1L2,Tier1,YES,chr17:17967660:G:T,rs60073596,17,17967660,G,T,T,G,0.3367,0.96,G,NA,NA,Proxy,C_main_only,1.692e-09,1.237e-06,0.001366,1.6935e-09,,,TOM1L2,in_gene,intron_variant,NA,10.4,0.2637
GRN,Tier1,YES,chr17:44352876:C:T,rs5848,17,44352876,C,T,T,C,0.294,1.06,T,YES,YES,Clinical AD,A_clinical_robust,6.696e-19,1.536e-17,2.526e-10,4.44446e-18,1.20082e-16,8.64307e-10,GRN,in_gene,3_prime_UTR_variant,NA,12.7,0.221
MAPT,Tier1,YES,chr17:46014622:T:C,rs62062271,17,46014622,T,C,C,T,0.2188,0.94,T,YES,YES,Clinical AD,A_clinical_robust,7.011e-15,9.226e-16,1.078e-10,1.47374e-14,,,MAPT,in_gene,intron_variant,NA,16.7,0.1571
ABI3,Tier1,YES,chr17:49219935:T:C,rs616338,17,49219935,T,C,T,C,0.0126,1.31,T,YES,YES,Clinical AD,A_clinical_robust,7.845e-18,2.739e-14,1.486e-09,3.66142e-16,7.57775e-13,1.09627e-08,ABI3,in_gene,missense_variant,0.024,0,0.5843
TSPOAP1,Tier1,YES,chr17:58326988:A:G,rs2526378,17,58326988,A,G,G,A,0.4642,0.96,A,YES,YES,Clinical AD,A_clinical_robust,6.815e-13,2.791e-12,3.48e-13,4.49234e-13,2.00303e-12,,TSPOAP1,in_gene,intron_variant,NA,16.5,0.1585
ACE,Tier1,YES,chr17:63471557:C:T,rs4277405,17,63471557,C,T,C,T,0.3854,0.94,T,YES,YES,Clinical AD,A_clinical_robust,1.672e-21,1.918e-20,2.947e-14,2.72185e-19,8.95768e-19,1.29013e-12,ACE,outside_gene,NA,NA,0,0.8856
ABCA7,Tier1,YES,chr19:1050875:A:G,rs12151021,19,1050875,A,G,A,G,0.3288,1.09,A,YES,YES,Clinical AD,A_clinical_robust,8.192e-39,1.93e-38,7.225e-37,1.9042e-55,3.43316e-53,1.38769e-49,ABCA7,in_gene,intron_variant,NA,30.6,0.02319
KLF16/REXO1,Tier1,YES,chr19:1837961:G:A,rs35202074,19,1837961,G,A,A,G,0.4715,0.96,G,NA,NA,Proxy,C_main_only,2.138e-08,1.949e-05,4.237e-06,8.42845e-08,,,REXO1,in_gene,intron_variant,NA,0,0.6415
VMAC,Tier1,NO,chr19:5908152:T:C,rs146033453,19,5908152,T,C,C,T,0.1416,0.95,T,NA,NA,Proxy,C_main_only,6.438e-10,1.231e-07,1.512e-05,4.22336e-09,,,VMAC,in_gene,intron_variant,NA,0,0.8431
VAV1,Tier1,NO,chr19:6850756:C:T,rs36097961,19,6850756,C,T,T,C,0.0881,1.07,T,NA,NA,Proxy,C_main_only,4.508e-08,5.607e-07,0.0001487,6.33597e-08,,,VAV1,in_gene,missense_variant&splice_region_variant,0.163,0,0.8545
LRRC25,Tier1,NO,chr19:18402007:TAGAAAAAAA:T,rs5827412,19,18402007,TAGAAAAAAA,T,T,TAGAAAAAAA,0.4096,1.04,T,YES,YES,Clinical AD,A_clinical_robust,1.705e-08,1.1e-11,1.108e-08,1.7061e-08,,,LRRC25,outside_gene,NA,NA,18.2,0.1369
CEP89,Tier1,NO,chr19:32893847:C:A,rs78622628,19,32893847,C,A,A,C,0.3521,0.96,C,YES,NA,Proxy,B_noproxy_robust,4.637e-09,3.574e-08,2.007e-05,4.63915e-09,,,CEP89,in_gene,intron_variant,NA,0,0.8769
APOE,Tier1,YES,chr19:44908684:T:C,rs429358,19,44908684,T,C,C,T,0.1934,3.0,C,YES,YES,Clinical AD,A_clinical_robust,0.0,0.0,0.0,,,,APOE,in_gene,missense_variant,0.229,88.9,5.361e-67
SIGLEC11,Tier1,YES,chr19:49948251:A:C,rs875121,19,49948251,A,C,C,A,0.2403,1.05,C,YES,YES,Clinical AD,A_clinical_robust,4.373e-12,1.531e-09,3.53e-09,2.10614e-11,,,SIGLEC11,outside_gene,NA,NA,0,0.8755
CD33,Tier1,YES,chr19:51224706:C:A,rs3865444,19,51224706,C,A,A,C,0.3231,0.95,C,YES,YES,Clinical AD,A_clinical_robust,4.585e-13,1.019e-12,2.737e-07,1.45724e-13,,,CD33,outside_gene,NA,NA,0,0.8743
LILRB2,Tier1,YES,chr19:54305226:T:C,rs1761451,19,54305226,T,C,C,T,0.4772,0.96,T,YES,YES,Clinical AD,A_clinical_robust,7.235e-12,1.347e-11,3.727e-06,4.90436e-08,,,LILRA5,outside_gene,NA,NA,28.4,0.03351
LILRB1/LILRB4,Tier1,NO,chr19:54613004:C:G,rs13346658,19,54613004,C,G,C,G,0.3501,0.96,G,NA,NA,Proxy,C_main_only,1.1640000000000001e-10,3.619e-08,2.532e-05,4.96391e-10,,,LILRB1,outside_gene,NA,NA,0,0.5487
RBCK1,Tier1,YES,chr20:413334:A:G,rs1358782,20,413334,A,G,A,G,0.2378,0.95,G,YES,YES,Clinical AD,A_clinical_robust,1.174e-10,3.054e-11,4.036e-10,8.77523e-09,2.56831e-09,1.89563e-08,RBCK1,in_gene,intron_variant,NA,12.1,0.2347
SRC,Tier1,NO,chr20:37343531:G:A,rs6017919,20,37343531,G,A,A,G,0.0272,0.9,G,NA,NA,Proxy,C_main_only,4.188e-08,9.626e-07,5.583e-06,4.19e-08,,,SRC,outside_gene,NA,NA,0,0.842
CASS4,Tier1,YES,chr20:56412160:G:C,rs17462136,20,56412160,G,C,C,G,0.0828,0.88,G,YES,YES,Clinical AD,A_clinical_robust,7.554e-27,2.048e-24,1.493e-19,7.60351e-27,1.61217e-24,1.89879e-19,CASS4,in_gene,5_prime_UTR_variant,NA,0,0.6971
APP,Tier1,YES,chr21:26101558:C:T,rs2154481,21,26101558,C,T,C,T,0.4749,0.95,T,YES,YES,Clinical AD,A_clinical_robust,1.961e-14,3.513e-14,3.37e-09,1.23368e-14,1.95711e-14,5.28569e-09,APP,in_gene,intron_variant,NA,18.4,0.13
ADAMTS1,Tier1,YES,chr21:26775872:C:T,rs2830489,21,26775872,C,T,T,C,0.282,0.95,C,YES,YES,Clinical AD,A_clinical_robust,4.276e-12,6.135e-11,3.024e-11,6.32611e-12,,,ADAMTS1,outside_gene,NA,NA,2.2,0.4292
SEC61G/EGFR,Tier2,YES,chr7:54881563:A:G,rs74504435,7,54881563,A,G,G,A,0.0958,0.94,A,NA,NA,Proxy,C_main_only,3.824e-09,1.445e-07,1.535e-05,2.05288e-06,,,SEC61G,outside_gene,NA,NA,18.9,0.1225
TRIB1,Tier2,NO,chr8:125446584:C:T,rs115038899,8,125446584,C,T,T,C,0.1849,1.05,T,YES,YES,Clinical AD,A_clinical_robust,4.353e-08,4.353e-08,1.847e-08,1.82895e-07,,,TRIB1,outside_gene,NA,NA,27.4,0.04125
SPPL2A/USP8/USP50,Tier2,YES,chr15:50701476:TAAAA:T,rs35336805,15,50701476,TAAAA,T,T,TAAAA,0.1967,0.95,TAAAA,YES,NA,Proxy,B_noproxy_robust,3.443e-10,7.542e-07,1.322e-05,3.96831e-07,,,TRPM7,outside_gene,NA,NA,1.8,0.4383
AXIN1,Tier2,NO,chr16:308322:G:C,rs8059634,16,308322,G,C,C,G,0.4468,0.97,G,NA,NA,Proxy,C_main_only,3.826e-08,5.041e-06,0.0001322,1.08168e-07,,,AXIN1,in_gene,intron_variant,NA,0,0.997
KAT8/BCKDK,Tier2,YES,chr16:31111250:C:T,rs889555,16,31111250,C,T,T,C,0.2856,0.96,C,NA,NA,Proxy,C_main_only,5.429e-09,5e-05,6.321e-06,2.16168e-06,,,BCKDK,in_gene,intron_variant,NA,0,0.5165
MFSD10,Tier2,NO,chr4:2933891:C:G,rs17851257,4,2933891,C,G,G,C,0.0517,1.09,G,YES,NA,Proxy,B_noproxy_robust,7.738e-07,1.647e-08,3.29e-05,,1.45534e-08,,MFSD10,in_gene,synonymous_variant,NA,1.2,0.4493
ILRUN,Tier2,NO,chr6:34644602:C:T,rs2814990,6,34644602,C,T,T,C,0.2204,0.95,C,YES,NA,Proxy,B_noproxy_robust,5.008e-08,1.114e-08,1.754e-06,,1.40143e-08,,ILRUN,in_gene,intron_variant,NA,0,0.7605
AKR1D1,Tier2,NO,chr7:138194682:A:G,rs1973325,7,138194682,A,G,A,G,0.3143,0.96,G,YES,NA,Proxy,B_noproxy_robust,8.726e-08,6.955e-09,1.141e-06,,4.82111e-09,,AKR1D1,outside_gene,NA,NA,15,0.1812
ANO5,Tier2,NO,chr11:22250324:A:T,rs7481951,11,22250324,A,T,A,T,0.419,1.04,A,YES,NA,Proxy,B_noproxy_robust,6.407e-08,1.673e-09,0.0001295,,1.67389e-09,,ANO5,in_gene,missense_variant,0.054,11.5,0.2455
RIC8B,Tier2,NO,chr12:106811612:A:G,rs7977765,12,106811612,A,G,G,A,0.2164,1.05,G,YES,NA,Proxy,B_noproxy_robust,9.108e-07,1.602e-08,2.102e-05,,1.39028e-08,,RIC8B,in_gene,intron_variant,NA,0,0.8555
GTF2H3,Tier2,NO,chr12:123650109:C:T,rs34996665,12,123650109,C,T,T,C,0.3908,1.05,T,YES,NA,Proxy,B_noproxy_robust,1.155e-07,1.152e-10,1.217e-05,,5.21662e-10,,GTF2H3,in_gene,intron_variant,NA,16.5,0.1585
C16orf95,Tier2,NO,chr16:87200332:C:G,rs8047567,16,87200332,C,G,C,G,0.3554,0.96,G,YES,NA,Proxy,B_noproxy_robust,4.768e-07,2.566e-08,0.0002923,,4.4843e-08,,C16orf95,outside_gene,NA,NA,4.8,0.3765
SNAI1,Tier2,NO,chr20:49970223:C:T,rs73274724,20,49970223,C,T,T,C,0.2885,1.04,T,YES,NA,Proxy,B_noproxy_robust,1.096e-07,3.084e-08,6.302e-05,,2.40429e-08,,SNAI1,outside_gene,NA,NA,0,0.7268
PSMG1,Tier2,NO,chr21:39096912:G:A,rs4817988,21,39096912,G,A,A,G,0.2723,1.04,A,YES,NA,Proxy,B_noproxy_robust,6.951e-07,1.984e-08,1.015e-05,,1.98489e-08,,PSMG1,outside_gene,NA,NA,2.8,0.4164
C1S,Tier2,NO,chr12:7055497:C:T,rs3919533,12,7055497,C,T,C,T,0.1742,0.93,T,NA,YES,Clinical AD,A_clinical_robust,8.363e-07,2.563e-06,3.203e-09,,,3.21558e-09,C1S,in_gene,intron_variant,NA,15.6,0.1807
MEFV,Tier2,NO,chr16:3250488:A:C,rs181782815,16,3250488,A,C,C,A,0.00229999999999997,2.58,C,NA,YES,Clinical AD,A_clinical_robust,0.0003123,0.0008164,4.339e-09,,,,MEFV,in_gene,intron_variant,NA,45.7,0.1584
ZCCHC2,Tier2,NO,chr18:62495558:T:C,rs4941139,18,62495558,T,C,C,T,0.3267,0.95,T,NA,YES,Clinical AD,A_clinical_robust,0.0006063,8.78e-06,2.64e-08,,,2.64783e-08,ZCCHC2,outside_gene,NA,NA,0,0.816
RIPOR3,Tier2,NO,chr20:50637378:T:C,rs117270991,20,50637378,T,C,C,T,0.023,1.21,C,NA,YES,Clinical AD,A_clinical_robust,4.327e-07,9.105e-07,1.235e-08,,,1.54932e-08,RIPOR3,in_gene,intron_variant,NA,0,0.9043
