locus_id,locus_name,lead_snp,variant_id_GRCh38,chr,position,ref,alt,effect_allele,other_allele,risk_allele,EAF_eur,OR,P_main,P_noproxy,P_nobiobank,Pjoint_main,Pjoint_noproxy,Pjoint_nobiobank,gws_noproxy,gws_nobiobank,origin,confidence_tier,tier,known_or_novel,candidate_gene,gene_position,consequence,REVEL,I2,Het_P,source_GWAS,notes
AD2026_L001,APOE,rs429358,chr19:44908684:T:C,19,44908684,T,C,C,T,C,0.1934,3.0,0.0,0.0,0.0,,,,YES,YES,Clinical AD,A_clinical_robust,Tier1,known,APOE,in_gene,missense_variant,0.229,88.9,5.361e-67,Bellenguez 2026 (Nat Genet 58:1214-1225),APOE — exceptional effect; analyze separately
AD2026_L002,BIN1,rs6733839,chr2:127135234:C:T,2,127135234,C,T,T,C,T,0.3891,1.17,1.8e-139,3.35e-124,4.95e-99,1.27123e-145,4.41342e-130,2.28489e-103,YES,YES,Clinical AD,A_clinical_robust,Tier1,known,BIN1,outside_gene,NA,NA,25,0.05608,Bellenguez 2026 (Nat Genet 58:1214-1225),
AD2026_L003,CLU/PTK2B,rs1532276,chr8:27608640:T:C,8,27608640,T,C,T,C,C,0.3951,0.91,1.387e-47,1.191e-43,2.329e-34,9.6001e-50,1.5647e-43,,YES,YES,Clinical AD,A_clinical_robust,Tier1,known,CLU,in_gene,intron_variant,NA,17.3,0.1455,Bellenguez 2026 (Nat Genet 58:1214-1225),
AD2026_L004,ABCA7,rs12151021,chr19:1050875:A:G,19,1050875,A,G,A,G,A,0.3288,1.09,8.192e-39,1.93e-38,7.225e-37,1.9042e-55,3.43316e-53,1.38769e-49,YES,YES,Clinical AD,A_clinical_robust,Tier1,known,ABCA7,in_gene,intron_variant,NA,30.6,0.02319,Bellenguez 2026 (Nat Genet 58:1214-1225),rare-variant gene — separate lane
AD2026_L005,TREM2,rs75932628,chr6:41161514:C:T,6,41161514,C,T,T,C,T,0.004,2.24,2.211e-32,7.147e-33,4.104e-24,1.96904e-24,,1.09328e-18,YES,YES,Clinical AD,A_clinical_robust,Tier1,known,TREM2,in_gene,missense_variant,0.335,4.4,0.4028,Bellenguez 2026 (Nat Genet 58:1214-1225),rare-variant gene — separate lane; low-frequency lead (EAF<5%)
AD2026_L006,CR1,rs679515,chr1:207577223:T:C,1,207577223,T,C,T,C,T,0.1913,1.13,6.569e-56,3.589e-50,2.466e-38,8.00544e-56,4.30277e-50,2.69686e-38,YES,YES,Clinical AD,A_clinical_robust,Tier1,known,CR1,in_gene,intron_variant,NA,0,0.5248,Bellenguez 2026 (Nat Genet 58:1214-1225),
AD2026_L007,MS4A,rs7232,chr11:60173126:T:A,11,60173126,T,A,A,T,T,0.3632,0.91,1.033e-52,1.886e-54,6.414e-32,1.7416e-56,1.93373e-54,6.81272e-32,YES,YES,Clinical AD,A_clinical_robust,Tier1,known,MS4A6A,in_gene,missense_variant,0.059/0.006,25.5,0.05179,Bellenguez 2026 (Nat Genet 58:1214-1225),
AD2026_L008,SORL1,rs11218343,chr11:121564878:T:C,11,121564878,T,C,C,T,T,0.0365,0.85,1.315e-22,9.954e-18,2.628e-17,5.97944e-29,8.07424e-23,1.60825e-21,YES,YES,Clinical AD,A_clinical_robust,Tier1,known,SORL1,in_gene,intron_variant,NA,0,0.603,Bellenguez 2026 (Nat Genet 58:1214-1225),rare-variant gene — separate lane; low-frequency lead (EAF<5%)
AD2026_L009,INPP5D,rs10933431,chr2:233117202:G:C,2,233117202,G,C,G,C,C,0.2319,0.93,1.51e-19,2.308e-16,1.843e-16,3.29566e-13,1.27713e-13,9.97991e-14,YES,YES,Clinical AD,A_clinical_robust,Tier1,known,INPP5D,in_gene,intron_variant,NA,0,0.7253,Bellenguez 2026 (Nat Genet 58:1214-1225),
AD2026_L010,HLA,rs35472547,chr6:32592593:G:T,6,32592593,G,T,T,G,G,0.1694,0.91,2.606e-23,3.982e-18,4.162e-13,4.0545e-21,,,YES,YES,Clinical AD,A_clinical_robust,Tier1,known,HLA-DRB1,outside_gene,NA,NA,0,0.4745,Bellenguez 2026 (Nat Genet 58:1214-1225),HLA — complex region / balancing-selection teaching case; analyze separately
